Time(ms),Main(mA),Main Voltage(V),
0.030714988708496094,380.3492279452284,3.887,
0.030900955200195312,385.2563267446765,3.88425,
0.031084060668945312,388.0779085543592,3.8857500000000003,
0.03134608268737793,390.4087804840971,3.888,
0.03160715103149414,390.899490364042,3.89125,
0.0319371223449707,385.86971409460756,3.887,
0.03224611282348633,390.28610301411095,3.88775,
0.03224611282348633,392.3716200038764,3.886,
0.03246808052062988,395.0705243435729,3.8850000000000002,
0.03270888328552246,397.1560413333384,3.8825000000000003,
0.03270888328552246,398.50549350318664,3.88725,
0.03289985656738281,396.66533145339355,3.886,
0.03308701515197754,396.5426539834074,3.88775,
0.03327178955078125,395.0705243435729,3.88875,
0.033444881439208984,401.32707531286934,3.884,
0.03362703323364258,425.86256931011025,3.882,
0.03385615348815918,424.1450847303034,3.8855,
0.03403592109680176,403.1672373626624,3.8825000000000003,
0.03421592712402344,401.08172037289694,3.882,
0.034475088119506836,401.81778519281414,3.884,
0.03465390205383301,399.3642357930901,3.8850000000000002,
0.03485608100891113,400.59101049295214,3.8825000000000003,
0.035034894943237305,398.01478362324184,3.8855,
0.03521394729614258,397.8921061532556,3.8850000000000002,
0.035436153411865234,397.8921061532556,3.88625,
0.03561997413635254,390.899490364042,3.884,
0.03584790229797363,387.95523108437305,3.886,
0.036026954650878906,378.2637109554629,3.88775,
0.03621101379394531,378.6317433654215,3.88525,
0.036425113677978516,381.0852927651456,3.886,
0.03659391403198242,383.04813228492486,3.8875,
0.036843061447143555,396.7880089233798,3.8865000000000003,
0.03700685501098633,382.80277734495246,3.8865000000000003,
0.03721785545349121,401.08172037289694,3.8885,
0.03742504119873047,390.899490364042,3.88625,
0.037593841552734375,377.5276461355457,3.8875,
0.03784608840942383,385.501681684649,3.88825,
0.03801989555358887,379.85851806528353,3.88625,
0.03822493553161621,379.61316312531113,3.88675,
0.03843212127685547,377.03693625560084,3.8845,
0.03863883018493652,382.06671252503526,3.8850000000000002,
0.038845062255859375,392.86232988382125,3.88425,
0.039008140563964844,396.41997651342115,3.88425,
0.03921794891357422,397.7694286832694,3.88525,
0.03942513465881348,396.41997651342115,3.88325,
0.039637088775634766,397.7694286832694,3.88375,
0.03984379768371582,394.5798144636281,3.8850000000000002,
0.04005312919616699,396.7880089233798,3.88375,
0.04021787643432617,397.524073743297,3.8857500000000003,
0.04042506217956543,397.1560413333384,3.88775,
0.04063606262207031,399.1188808531177,3.8855,
0.04084491729736328,393.9664271136971,3.88525,
0.043714046478271484,395.68391169350394,3.88325,
0.044042110443115234,399.7322682030487,3.886,
0.044042110443115234,399.48691326307625,3.88475,
0.044042110443115234,402.4311725427452,3.88625,
0.04432392120361328,403.7806247125934,3.8865000000000003,
0.04432392120361328,401.81778519281414,3.8890000000000002,
0.04432392120361328,398.99620338313144,3.88625,
0.04464387893676758,395.8065891634901,3.8850000000000002,
0.04464387893676758,397.4013962733108,3.887,
0.04464387893676758,398.50549350318664,3.8850000000000002,
0.04495811462402344,394.9478468735867,3.887,
0.04495811462402344,392.126265063904,3.88625,
0.04495811462402344,397.4013962733108,3.88125,
0.045239925384521484,398.6281709731728,3.88725,
0.045239925384521484,387.70987614440065,3.8885,
0.045239925384521484,388.44594096431786,3.8845,
0.0455629825592041,381.2079702351318,3.8855,
0.0455629825592041,385.501681684649,3.8855,
0.0455629825592041,408.07433616211057,3.8875,
0.045896053314208984,394.9478468735867,3.884,
0.045896053314208984,381.6986801150766,3.88775,
0.045896053314208984,374.33803191590437,3.888,
0.04611682891845703,374.82874179584917,3.88825,
0.04611682891845703,376.66890384564226,3.8915,
0.04611682891845703,367.5907710666631,3.8855,
0.04638385772705078,389.1820057842351,3.886,
0.04638385772705078,367.1000611867183,3.888,
0.046556949615478516,343.30063200939463,3.8855,
0.046729087829589844,350.29324779860826,3.8855,
0.046896934509277344,354.95499165808405,3.8857500000000003,
0.04706311225891113,394.08910458368325,3.8885,
0.04722905158996582,384.0295520448145,3.88775,
0.04743790626525879,385.501681684649,3.88375,
0.04764604568481445,387.70987614440065,3.88525,
0.04783177375793457,388.20058602434545,3.8850000000000002,
0.048039913177490234,388.69129590429026,3.884,
0.04824709892272949,385.13364927469036,3.8825000000000003,
0.04845285415649414,387.95523108437305,3.88525,
0.04861593246459961,390.4087804840971,3.88375,
0.04887509346008301,391.8809101239316,3.884,
0.0490419864654541,398.01478362324184,3.88275,
0.049249887466430664,395.43855675353154,3.88675,
0.04945683479309082,395.92926663347635,3.8865000000000003,
0.04961991310119629,395.3158792835453,3.8875,
0.04984712600708008,393.9664271136971,3.88675,
0.05005383491516113,396.66533145339355,3.8835,
0.05026388168334961,395.1932018135591,3.8850000000000002,
0.05042695999145508,407.21559387220714,3.88525,
0.05063796043395996,405.1300768824417,3.8850000000000002,
0.05084395408630371,405.4981092924003,3.8897500000000003,
0.05104994773864746,406.47952905228993,3.884,
0.05126190185546875,411.7546602616967,3.88425,
0.051425933837890625,429.5428934096964,3.884,
0.05163693428039551,431.137700519517,3.883,
0.05184292793273926,439.1117360686203,3.883,
0.052049875259399414,429.910925819655,3.88525,
0.0522618293762207,431.3830554594894,3.88275,
0.05242609977722168,428.19344123984814,3.88125,
0.052635908126831055,503.76276275135,3.88475,
0.05284309387207031,417.5205013510483,3.88425,
0.05304980278015137,407.9516586921244,3.8845,
0.05326080322265625,393.2303622937798,3.8850000000000002,
0.053424835205078125,398.6281709731728,3.886,
0.053637027740478516,418.2565661709655,3.884,
0.054100990295410156,404.39401206252444,3.8835,
0.05436086654663086,395.5612342235177,3.88125,
0.05436086654663086,394.9478468735867,3.88325,
0.0546109676361084,398.50549350318664,3.887,
0.05487704277038574,391.8809101239316,3.88675,
0.05507206916809082,393.2303622937798,3.88725,
0.05507206916809082,391.1448453040144,3.88525,
0.055253028869628906,396.66533145339355,3.8865000000000003,
0.05543208122253418,408.933078452014,3.88475,
0.055648088455200195,411.7546602616967,3.88475,
0.0558469295501709,412.85875749157253,3.88775,
0.056060075759887695,411.7546602616967,3.88475,
0.056227922439575195,413.47214484150356,3.88425,
0.056439876556396484,410.65056303182087,3.8850000000000002,
0.056652069091796875,414.4535646013932,3.888,
0.05684494972229004,414.0855321914346,3.886,
0.057054996490478516,412.61340255160013,3.88375,
0.05722308158874512,412.0000152016691,3.8817500000000003,
0.0574338436126709,426.7213116000137,3.88625,
0.05764412879943848,451.37948306724076,3.887,
0.05783200263977051,441.933317878303,3.8835,
0.05804181098937988,444.6322222179995,3.88375,
0.058251142501831055,458.740131266413,3.8855,
0.05846881866455078,451.62483800721316,3.8815,
0.05863618850708008,483.7663351435987,3.88325,
0.05884599685668945,464.62864982575087,3.88125,
0.05905604362487793,446.104351857834,3.88225,
0.05926513671875,455.5505170467717,3.883,
0.059432029724121094,475.66962212450926,3.88625,
0.05964088439941406,445.36828703791673,3.8845,
0.059828996658325195,441.6879629383306,3.8855,
0.06003904342651367,440.58386570845477,3.88475,
0.06024885177612305,440.09315582850996,3.884,
0.06045794486999512,438.25299377871687,3.8825000000000003,
0.060675859451293945,435.308734499048,3.8825000000000003,
0.06087088584899902,434.32731473915834,3.8857500000000003,
0.061064958572387695,435.06337955907554,3.886,
0.061239004135131836,480.0860110440126,3.88425,
0.06140589714050293,473.58410513474377,3.8825000000000003,
0.06162595748901367,468.7996838052818,3.8815,
0.0618739128112793,476.16033200445406,3.88375,
0.062124013900756836,475.66962212450926,3.8805,
0.06232714653015137,477.7551391142747,3.8850000000000002,
0.06250500679016113,421.9368902705517,3.8865000000000003,
0.06267905235290527,421.9368902705517,3.88325,
0.06284713745117188,420.71011557068965,3.891,
0.06305909156799316,397.7694286832694,3.888,
0.06326985359191895,399.9776231430211,3.8885,
0.06343674659729004,408.4423685720692,3.8835,
0.06360411643981934,418.37924364095176,3.88125,
0.06383490562438965,438.4983487186893,3.882,
0.06405091285705566,461.68439054608194,3.8815,
0.06426191329956055,437.51692895879967,3.887,
0.06447196006774902,440.21583329849614,3.88425,
0.06463789939880371,439.1117360686203,3.88475,
0.06484699249267578,445.8589969178616,3.88475,
0.06512594223022461,464.75132729573704,3.88275,
0.0653829574584961,458.740131266413,3.882,
0.0655829906463623,453.21964511703385,3.88475,
0.06583094596862793,453.71035499697865,3.87975,
0.06602883338928223,493.5805327424951,3.882,
0.06621193885803223,492.2310805726469,3.88225,
0.06638598442077637,466.83684428550254,3.8825000000000003,
0.06659889221191406,449.1712886074891,3.88425,
0.06754803657531738,449.29396607747526,3.88425,
0.06790399551391602,449.6619984874339,3.8835,
0.06790399551391602,451.9928704171718,3.8850000000000002,
0.06790399551391602,452.4835802971166,3.8855,
0.0681459903717041,453.5876775269924,3.8817500000000003,
0.0681459903717041,455.1824846368131,3.882,
0.0681459903717041,466.2234569355715,3.884,
0.06835579872131348,494.68462997237094,3.88125,
0.06835579872131348,482.6622379137229,3.8805,
0.06856894493103027,521.9190283093083,3.88475,
0.0687708854675293,473.70678260473,3.88325,
0.06894707679748535,461.68439054608194,3.88675,
0.06913590431213379,486.46523948329525,3.88325,
0.06935310363769531,484.502399963516,3.884,
0.0695650577545166,508.3018291408396,3.88425,
0.06978702545166016,469.41307115521283,3.886,
0.07000899314880371,447.5764814976684,3.88625,
0.07023191452026367,448.6805787275443,3.88525,
0.07044792175292969,431.26037798950324,3.88425,
0.0706639289855957,433.83660485921354,3.886,
0.07087397575378418,463.4018751258888,3.88275,
0.0711050033569336,440.58386570845477,3.8855,
0.0711050033569336,432.7325076293377,3.88475,
0.07127785682678223,431.6284103994618,3.884,
0.07142996788024902,443.03741510817883,3.88325,
0.07164192199707031,433.4685724492549,3.882,
0.07185602188110352,446.71773920776496,3.8857500000000003,
0.07205891609191895,474.4428474246472,3.88475,
0.07227802276611328,448.06719137761326,3.8850000000000002,
0.07249212265014648,447.6991589676546,3.8845,
0.07272195816040039,446.8404166777512,3.8845,
0.07291698455810547,447.944513907627,3.883,
0.07310175895690918,446.9630941477374,3.8875,
0.07327389717102051,449.4166435474615,3.88725,
0.07343006134033203,457.02264668660615,3.8845,
0.07364106178283691,452.8516127070752,3.88525,
0.07385087013244629,455.6731945167579,3.88325,
0.07406020164489746,458.86280873639924,3.8845,
0.07426905632019043,445.24560956793056,3.884,
0.07447695732116699,450.1527083673787,3.88625,
0.07464194297790527,450.0300308973925,3.88375,
0.07484793663024902,451.502160537227,3.8850000000000002,
0.07505393028259277,449.9073534274063,3.88625,
0.07526397705078125,451.13412812726835,3.883,
0.0754709243774414,452.2382253571442,3.8850000000000002,
0.07563400268554688,449.29396607747526,3.88625,
0.07584381103515625,461.92974548605434,3.88275,
0.0760500431060791,465.7327470556267,3.88525,
0.07628607749938965,445.98167438784776,3.8857500000000003,
0.0765080451965332,444.0188348680685,3.884,
0.07676196098327637,442.91473763819266,3.88525,
0.07701683044433594,444.0188348680685,3.88675,
0.0772397518157959,438.98905859863413,3.886,
0.07742810249328613,436.16747678895143,3.88825,
0.07760190963745117,434.44999220914457,3.8850000000000002,
0.0778360366821289,431.87376533943427,3.88725,
0.07809686660766602,443.89615739808227,3.88325,
0.07809686660766602,461.92974548605434,3.88875,
0.07829093933105469,433.9592823291997,3.88725,
0.07851195335388184,430.2789582296136,3.8855,
0.07871794700622559,424.6357946102482,3.88925,
0.07892680168151855,423.1636649704137,3.884,
0.07915496826171875,417.7658562910207,3.8825000000000003,
0.07937097549438477,441.81064040831683,3.8850000000000002,
0.08015799522399902,434.81802461910314,3.886,
0.08048486709594727,399.7322682030487,3.88775,
0.08048486709594727,406.23417411231753,3.8885,
0.08048486709594727,390.77681289405575,3.8890000000000002,
0.0807349681854248,415.06695195132426,3.8845,
0.0807349681854248,427.8254088298895,3.88525,
0.08096909523010254,438.1303163087307,3.8857500000000003,
0.08096909523010254,437.8849613687583,3.887,
0.08118581771850586,441.6879629383306,3.88525,
0.08141398429870605,439.23441353860653,3.8850000000000002,
0.08163690567016602,441.07457558839957,3.886,
0.08195304870605469,439.1117360686203,3.88325,
0.08222603797912598,455.4278395767855,3.8835,
0.08222603797912598,465.8554245256129,3.8865000000000003,
0.08248090744018555,449.6619984874339,3.88475,
0.08272910118103027,446.47238426779256,3.88325,
0.08298873901367188,446.9630941477374,3.88225,
0.08298873901367188,447.6991589676546,3.8865000000000003,
0.08325505256652832,447.82183643764085,3.88725,
0.0834798812866211,448.9259336675167,3.88625,
0.08370804786682129,454.20106487692345,3.88625,
0.08393597602844238,452.3609028271304,3.8865000000000003,
0.08393597602844238,461.19368066613714,3.88525,
0.08420109748840332,458.126743916482,3.8857500000000003,
0.0844419002532959,454.44641981689585,3.8850000000000002,
0.08471107482910156,454.20106487692345,3.8850000000000002,
0.08495116233825684,452.728935237089,3.886,
0.08495116233825684,458.9854862063854,3.883,
0.0852348804473877,447.82183643764085,3.88525,
0.08548688888549805,448.06719137761326,3.8850000000000002,
0.08569192886352539,447.6991589676546,3.88475,
0.08588290214538574,442.54670522823403,3.886,
0.08610701560974121,446.5950617377788,3.887,
0.08610701560974121,451.0114506572821,3.8855,
0.08628201484680176,435.7994443789928,3.88525,
0.0864558219909668,431.137700519517,3.8835,
0.08667898178100586,432.3644752193791,3.8817500000000003,
0.08689212799072266,431.137700519517,3.8885,
0.08706092834472656,435.06337955907554,3.8865000000000003,
0.08722901344299316,435.308734499048,3.886,
0.08743882179260254,442.79206016820643,3.888,
0.08768105506896973,440.58386570845477,3.8855,
0.08797812461853027,445.12293209794433,3.882,
0.08825993537902832,457.02264668660615,3.8857500000000003,
0.08850598335266113,435.06337955907554,3.89,
0.08870100975036621,432.3644752193791,3.8875,
0.08870100975036621,440.09315582850996,3.8850000000000002,
0.08888101577758789,444.8775771579719,3.88725,
0.08905601501464844,447.331126557696,3.8855,
0.08927106857299805,447.2084490877098,3.88625,
0.08944177627563477,448.43522378757183,3.8845,
0.08965301513671875,447.4538040276822,3.8855,
0.08984494209289551,463.524552595875,3.886,
0.09005498886108398,456.1639043967027,3.88625,
0.09026479721069336,447.0857716177236,3.88425,
0.09047508239746094,447.944513907627,3.88025,
0.0906839370727539,450.7660957173097,3.8857500000000003,
0.090850830078125,447.4538040276822,3.8825000000000003,
0.09105992317199707,451.0114506572821,3.8850000000000002,
0.09122681617736816,451.502160537227,3.8850000000000002,
0.09143614768981934,450.5207407773373,3.886,
0.09164595603942871,453.21964511703385,3.88475,
0.09183287620544434,465.3647146456681,3.8825000000000003,
0.09205102920532227,468.7996838052818,3.883,
0.0930471420288086,449.7846759574201,3.8855,
0.09340095520019531,447.331126557696,3.88875,
0.09340095520019531,447.5764814976684,3.88925,
0.09340095520019531,445.98167438784776,3.8850000000000002,
0.09377098083496094,451.0114506572821,3.88775,
0.09377098083496094,442.54670522823403,3.887,
0.09377098083496094,449.1712886074891,3.884,
0.09396481513977051,465.7327470556267,3.88725,
0.09414887428283691,455.4278395767855,3.88675,
0.09414887428283691,441.81064040831683,3.88775,
0.0943460464477539,431.87376533943427,3.88775,
0.09454011917114258,433.83660485921354,3.8850000000000002,
0.09471487998962402,432.48715268936525,3.88425,
0.09488391876220703,434.69534714911697,3.884,
0.09508490562438965,431.99644280942044,3.8885,
0.09530496597290039,426.2306017200688,3.8845,
0.09555697441101074,436.0447993189652,3.88525,
0.09590005874633789,418.7472760509104,3.88625,
0.09613704681396484,442.66938269822026,3.88675,
0.09613704681396484,468.5543288653094,3.88875,
0.0963139533996582,448.31254631758566,3.88825,
0.09649205207824707,422.0595677405379,3.89,
0.0966639518737793,385.501681684649,3.886,
0.0968329906463623,413.8401772514622,3.887,
0.09708714485168457,428.0707637698619,3.8875,
0.09730195999145508,434.32731473915834,3.887,
0.09747195243835449,436.7808641388824,3.8875,
0.09768104553222656,439.6024459485651,3.88825,
0.09788990020751953,450.88877318729595,3.8835,
0.0980539321899414,475.91497706448166,3.886,
0.09826397895812988,467.45023163543357,3.88225,
0.09847092628479004,470.27181344511627,3.8835,
0.0986781120300293,472.60268537485416,3.88475,
0.09888792037963867,446.71773920776496,3.882,
0.09905099868774414,446.9630941477374,3.8835,
0.09926199913024902,449.04861113750286,3.888,
0.09951186180114746,448.9259336675167,3.8857500000000003,
0.09968686103820801,449.5393210174477,3.8855,
0.0998539924621582,464.62864982575087,3.88425,
0.10005998611450195,457.02264668660615,3.886,
0.1002659797668457,448.06719137761326,3.88475,
0.10047388076782227,453.95570993695105,3.88225,
0.10067987442016602,454.9371296968407,3.88375,
0.10088896751403809,457.26800162657855,3.884,
0.10105204582214355,455.0598071668269,3.8835,
0.10126185417175293,452.8516127070752,3.88375,
0.10146784782409668,450.88877318729595,3.88275,
0.10167598724365234,448.06719137761326,3.8875,
0.10188698768615723,465.4873921156543,3.88325,
0.1020498275756836,478.98191381413676,3.888,
0.10226202011108398,444.5095447480133,3.887,
0.10246777534484863,435.922121848979,3.88875,
0.10267400741577148,429.7882483496688,3.8850000000000002,
0.10288691520690918,449.7846759574201,3.88525,
0.10309195518493652,447.331126557696,3.88825,
0.10329985618591309,440.706543178441,3.8845,
0.1034688949584961,457.7587115065234,3.88775,
0.10367393493652344,440.9518981184134,3.8905000000000003,
0.10388684272766113,453.34232258702,3.8865000000000003,
0.10409307479858398,443.5281249881237,3.88075,
0.10430002212524414,433.3458949792687,3.88425,
0.10447001457214355,435.6767669090066,3.88525,
0.1046760082244873,438.7437036586617,3.883,
0.10488700866699219,474.933557304592,3.8865000000000003,
0.10547995567321777,438.8663811286479,3.88075,
0.10570287704467773,465.7327470556267,3.887,
0.10570287704467773,458.86280873639924,3.8855,
0.10592103004455566,470.63984585507484,3.8815,
0.10592103004455566,506.95237697099134,3.87975,
0.10609698295593262,482.04885056379186,3.88425,
0.1063089370727539,473.82946007471617,3.88275,
0.1064760684967041,484.502399963516,3.88475,
0.1066429615020752,490.6362734628262,3.882,
0.10683083534240723,500.32779359173634,3.8855,
0.10708403587341309,499.83708371179154,3.88275,
0.10730099678039551,502.9040204614466,3.8850000000000002,
0.10746979713439941,498.11959913198467,3.8857500000000003,
0.10768008232116699,501.92260070155703,3.884,
0.10788798332214355,512.7182180603429,3.882,
0.10809612274169922,530.138418798384,3.8810000000000002,
0.10826301574707031,504.13079516130864,3.88275,
0.10847115516662598,505.4802473311569,3.8857500000000003,
0.10868000984191895,504.2534726312948,3.88425,
0.10888886451721191,500.08243865176394,3.882,
0.10909914970397949,499.2236963618605,3.88325,
0.10926389694213867,506.21631215107413,3.8835,
0.10947299003601074,498.8556639519019,3.88475,
0.10968303680419922,496.0340821422192,3.884,
0.1098489761352539,511.2460884205085,3.8810000000000002,
0.11005806922912598,499.59172877181913,3.886,
0.11026597023010254,469.7811035651714,3.8845,
0.11047506332397461,474.933557304592,3.88625,
0.11068487167358398,454.20106487692345,3.8850000000000002,
0.11086893081665039,437.39425148881344,3.88225,
0.11109304428100586,432.8551850993239,3.8885,
0.11126303672790527,436.90354160886864,3.88375,
0.11147403717041016,448.80325619753046,3.88875,
0.11168289184570312,433.3458949792687,3.8905000000000003,
0.11189985275268555,443.7734799280961,3.8895,
0.11206507682800293,441.07457558839957,3.89,
0.11228179931640625,419.6060183408138,3.8895,
0.11249113082885742,424.1450847303034,3.88525,
0.11265802383422852,418.501921110938,3.8875,
0.11288881301879883,406.6022065222761,3.8897500000000003,
0.11309599876403809,392.86232988382125,3.88925,
0.11332488059997559,389.7953931341661,3.8890000000000002,
0.11349296569824219,409.54646580194503,3.88775,
0.11365890502929688,426.84398906999985,3.887,
0.11388993263244629,476.0376545344679,3.887,
0.11409687995910645,459.4761960863303,3.8865000000000003,
0.11430621147155762,441.5652854683444,3.88475,
0.1144709587097168,438.8663811286479,3.888,
0.11468076705932617,440.9518981184134,3.88725,
0.11488890647888184,435.6767669090066,3.8850000000000002,
0.1150968074798584,441.4426079983582,3.8865000000000003,
0.11530613899230957,442.42402775824786,3.883,
0.11547088623046875,445.98167438784776,3.88525,
0.11567997932434082,448.31254631758566,3.88775,
0.11588883399963379,465.3647146456681,3.887,
0.11609816551208496,454.20106487692345,3.887,
0.11630606651306152,448.43522378757183,3.88825,
0.1164710521697998,447.944513907627,3.88625,
0.11668205261230469,447.4538040276822,3.888,
0.11693191528320312,445.73631944787536,3.8865000000000003,
0.11712789535522461,453.34232258702,3.88825,
0.11730384826660156,453.46500005700625,3.88625,
0.11747217178344727,455.3051621067993,3.88625,
0.11768198013305664,451.9928704171718,3.8845,
0.11856889724731445,463.0338427159302,3.8850000000000002,
0.1188969612121582,470.27181344511627,3.88725,
0.1188969612121582,448.31254631758566,3.8857500000000003,
0.1188969612121582,448.80325619753046,3.88775,
0.11912703514099121,446.8404166777512,3.8895,
0.11912703514099121,440.46118823846854,3.888,
0.11935114860534668,435.308734499048,3.886,
0.11935114860534668,427.7027313599033,3.884,
0.1195211410522461,439.6024459485651,3.8845,
0.1196889877319336,429.7882483496688,3.8850000000000002,
0.11989903450012207,445.36828703791673,3.88525,
0.12012910842895508,437.14889654884104,3.8850000000000002,
0.12031388282775879,432.9778625693101,3.88775,
0.1204838752746582,434.94070208908937,3.88325,
0.1206510066986084,435.6767669090066,3.88675,
0.12084484100341797,441.1972530583858,3.88775,
0.12109494209289551,433.1005400392963,3.887,
0.12130212783813477,432.7325076293377,3.887,
0.12151312828063965,433.59124991924114,3.8855,
0.12167501449584961,428.3161187098343,3.891,
0.12184405326843262,453.8330324669648,3.886,
0.12209391593933105,475.05623477457823,3.8835,
0.12230086326599121,488.0600465931159,3.8855,
0.1225118637084961,469.0450387452542,3.88675,
0.12269711494445801,452.115547887158,3.8890000000000002,
0.12287497520446777,449.29396607747526,3.8865000000000003,
0.12308406829833984,441.5652854683444,3.887,
0.123291015625,453.46500005700625,3.8850000000000002,
0.12349796295166016,448.80325619753046,3.88525,
0.1237039566040039,441.31993052837197,3.884,
0.12386798858642578,435.5540894390204,3.8855,
0.12407398223876953,422.79563256045515,3.886,
0.12427997589111328,426.9666665399861,3.888,
0.12449097633361816,406.97023893223474,3.887,
0.12469696998596191,398.75084844315904,3.8865000000000003,
0.12490296363830566,402.7992049527038,3.88375,
0.12504982948303223,426.7213116000137,3.88775,
0.12526297569274902,405.8661417023589,3.887,
0.12546801567077637,399.6095907330625,3.8885,
0.12567400932312012,397.0333638633522,3.8875,
0.12588810920715332,397.6467512132832,3.88775,
0.12609386444091797,421.5688578605931,3.88675,
0.12629985809326172,421.9368902705517,3.8875,
0.12651300430297852,417.3978238810621,3.88875,
0.12667489051818848,396.91068639336595,3.89125,
0.12690114974975586,390.04074807413855,3.8875,
0.12707805633544922,388.5686184343041,3.8885,
0.12728404998779297,384.0295520448145,3.88875,
0.12749195098876953,381.0852927651456,3.89075,
0.12769794464111328,384.3975844547731,3.88875,
0.12790393829345703,385.86971409460756,3.8865000000000003,
0.1280510425567627,408.1970136320968,3.88625,
0.12831997871398926,402.7992049527038,3.89025,
0.12849116325378418,377.7730010755181,3.8897500000000003,
0.12869882583618164,371.39377263623544,3.891,
0.1289060115814209,372.7432248060837,3.88775,
0.12905192375183105,369.4309331164562,3.888,
0.12930583953857422,369.1855781764838,3.8890000000000002,
0.1295151710510254,359.4940580475736,3.8905000000000003,
0.12969493865966797,345.14079405918767,3.8895,
0.12987399101257324,343.6686644193532,3.8905000000000003,
0.13009905815124512,354.341604308153,3.8905000000000003,
0.13031411170959473,375.07409673582157,3.89025,
0.1305229663848877,381.2079702351318,3.89075,
0.13116979598999023,386.4831014445386,3.891,
0.13146090507507324,388.69129590429026,3.88875,
0.13146090507507324,388.93665084426266,3.891,
0.13146090507507324,391.02216783402815,3.8890000000000002,
0.13168001174926758,385.9923915645938,3.8895,
0.1318521499633789,389.5500381941937,3.88775,
0.1320650577545166,391.51287771397296,3.88875,
0.1322770118713379,395.92926663347635,3.8895,
0.1324927806854248,398.99620338313144,3.891,
0.1324927806854248,398.26013856321424,3.888,
0.1327040195465088,397.4013962733108,3.886,
0.13291406631469727,397.2787188033246,3.884,
0.13308095932006836,421.9368902705517,3.883,
0.13329005241394043,428.0707637698619,3.88425,
0.1334989070892334,437.8849613687583,3.88275,
0.13370800018310547,454.9371296968407,3.882,
0.1339249610900879,467.45023163543357,3.88475,
0.1340949535369873,446.9630941477374,3.8857500000000003,
0.1342611312866211,431.01502304953084,3.88375,
0.13446903228759766,432.48715268936525,3.88625,
0.13467812538146973,444.7548996879857,3.887,
0.13489007949829102,429.0521835297516,3.887,
0.13509893417358398,436.90354160886864,3.88625,
0.13530802726745605,438.6210261886755,3.882,
0.13551592826843262,465.6100695856405,3.88875,
0.1356828212738037,396.66533145339355,3.8875,
0.13589191436767578,408.81040098202783,3.88825,
0.13609981536865234,428.5614736498067,3.8835,
0.13630914688110352,439.1117360686203,3.88675,
0.13651680946350098,391.7582326539454,3.8875,
0.13668298721313477,385.7470366246214,3.89175,
0.13689088821411133,393.10768482379365,3.8915,
0.1370999813079834,391.26752277400055,3.88725,
0.13726592063903809,387.46452120442825,3.888,
0.13747477531433105,386.4831014445386,3.89,
0.13768410682678223,392.2489425338902,3.8885,
0.1378920078277588,386.2377465045662,3.8895,
0.13810110092163086,385.7470366246214,3.88775,
0.13830900192260742,383.29348722489726,3.88825,
0.13851714134216309,394.5798144636281,3.8885,
0.13868284225463867,399.9776231430211,3.88225,
0.13889217376708984,424.26776220028955,3.8850000000000002,
0.1391010284423828,413.3494673715174,3.88525,
0.13930892944335938,417.7658562910207,3.8855,
0.13951706886291504,438.98905859863413,3.88725,
0.13968181610107422,424.8811495502206,3.882,
0.1398930549621582,497.138179372095,3.88925,
0.14010095596313477,423.53169738037235,3.887,
0.14030909538269043,433.59124991924114,3.883,
0.1405179500579834,475.66962212450926,3.8810000000000002,
0.14068317413330078,475.91497706448166,3.8890000000000002,
0.14089083671569824,423.4090199103861,3.888,
0.1410989761352539,429.910925819655,3.88775,
0.14130687713623047,425.9852467800964,3.884,
0.14151501655578613,460.2122609062475,3.884,
0.14168000221252441,485.729174663378,3.88425,
0.14188814163208008,459.4761960863303,3.8890000000000002,
0.14209699630737305,429.297538469724,3.8885,
0.14230585098266602,422.79563256045515,3.8857500000000003,
0.14251399040222168,442.1786728182754,3.8815,
0.14272284507751465,484.37972249352975,3.87975,
0.14288806915283203,498.7329864819157,3.87825,
0.143096923828125,504.86685998122584,3.886,
0.14330506324768066,449.4166435474615,3.8875,
0.14416289329528809,474.6882023646196,3.88275,
0.14438986778259277,458.37209885645444,3.8857500000000003,
0.14438986778259277,450.0300308973925,3.8850000000000002,
0.14438986778259277,444.8775771579719,3.8810000000000002,
0.14457201957702637,453.5876775269924,3.88725,
0.14457201957702637,441.6879629383306,3.88675,
0.1447451114654541,442.42402775824786,3.88825,
0.144913911819458,447.331126557696,3.8890000000000002,
0.1451730728149414,449.4166435474615,3.8857500000000003,
0.14536714553833008,433.3458949792687,3.8850000000000002,
0.14554286003112793,435.4314119690342,3.88925,
0.14571094512939453,422.6729550904689,3.8865000000000003,
0.14592790603637695,433.4685724492549,3.88925,
0.14609694480895996,431.50573292947564,3.88475,
0.14630413055419922,417.2751464110759,3.8850000000000002,
0.1465139389038086,389.7953931341661,3.89025,
0.14672017097473145,373.8473220359595,3.8865000000000003,
0.1469268798828125,435.06337955907554,3.88125,
0.1470952033996582,474.6882023646196,3.88225,
0.14730095863342285,488.1827240631021,3.88275,
0.14746809005737305,503.149375401419,3.883,
0.1476750373840332,496.6474694921502,3.87975,
0.1478869915008545,513.0862504703016,3.8855,
0.14809393882751465,482.4168829737505,3.88475,
0.1483008861541748,481.06743080390225,3.8845,
0.1485121250152588,475.79229959449543,3.882,
0.14871788024902344,494.68462997237094,3.88475,
0.1488809585571289,477.2644292343299,3.8855,
0.1490929126739502,476.16033200445406,3.8835,
0.14930009841918945,496.2794370821916,3.8805,
0.14951205253601074,497.50621178205364,3.883,
0.1497180461883545,468.4316513953232,3.8850000000000002,
0.14992594718933105,473.4614276647576,3.883,
0.15009379386901855,472.97071778481273,3.88475,
0.1503000259399414,497.99692166199844,3.88625,
0.1505119800567627,495.42069479228815,3.883,
0.15071797370910645,497.75156672202604,3.88675,
0.1509249210357666,469.16771621524043,3.8857500000000003,
0.1510939598083496,462.0524229560406,3.88725,
0.15129995346069336,449.9073534274063,3.88775,
0.15151190757751465,455.6731945167579,3.88625,
0.1517188549041748,456.77729174663375,3.884,
0.15192508697509766,460.7029707861923,3.887,
0.15209388732910156,446.8404166777512,3.88525,
0.15230011940002441,444.2641898080409,3.88525,
0.1525111198425293,436.41283172892383,3.8850000000000002,
0.15271782875061035,434.94070208908937,3.88625,
0.15292596817016602,435.4314119690342,3.887,
0.1530928611755371,435.6767669090066,3.8875,
0.15330100059509277,453.34232258702,3.88825,
0.15351200103759766,437.02621907885487,3.8845,
0.1537179946899414,427.9480862998757,3.887,
0.15392589569091797,400.4683330229659,3.88375,
0.15409278869628906,398.99620338313144,3.88825,
0.15429997444152832,403.41259230263483,3.8890000000000002,
0.1545119285583496,397.524073743297,3.88775,
0.15471792221069336,397.8921061532556,3.88625,
0.15492486953735352,397.1560413333384,3.8895,
0.15509414672851562,402.1858176027728,3.888,
0.15529990196228027,412.85875749157253,3.8885,
0.15551185607910156,417.7658562910207,3.89,
0.15571904182434082,418.0112112309931,3.88825,
0.15592503547668457,416.9071140011173,3.886,
0.15609288215637207,419.6060183408138,3.8835,
0.15671896934509277,417.0297914711035,3.886,
0.15700483322143555,418.7472760509104,3.89,
0.15700483322143555,419.4833408708276,3.88875,
0.15700483322143555,417.7658562910207,3.888,
0.1571800708770752,416.04837171121386,3.8897500000000003,
0.1573498249053955,415.6803393012553,3.88475,
0.15751886367797852,415.80301677124146,3.88775,
0.15768718719482422,418.13388870097936,3.8835,
0.15789794921875,419.3606634008414,3.8855,
0.15810799598693848,421.3235029206207,3.88625,
0.15830206871032715,420.342083160731,3.888,
0.15851497650146484,418.9926309908828,3.89,
0.15872502326965332,418.13388870097936,3.88875,
0.1589350700378418,415.06695195132426,3.88725,
0.15910100936889648,418.37924364095176,3.887,
0.15931081771850586,417.2751464110759,3.8885,
0.15952110290527344,412.85875749157253,3.8895,
0.1597299575805664,411.7546602616967,3.88475,
0.15992498397827148,410.65056303182087,3.8905000000000003,
0.16013813018798828,409.91449821190366,3.88925,
0.16030383110046387,407.21559387220714,3.8897500000000003,
0.16051411628723145,404.39401206252444,3.888,
0.16072297096252441,403.41259230263483,3.88775,
0.16093182563781738,402.92188242269,3.8857500000000003,
0.16109800338745117,403.65794724260724,3.8875,
0.16130685806274414,403.0445598926762,3.888,
0.1615149974822998,404.14865712255204,3.888,
0.16172504425048828,397.2787188033246,3.886,
0.16193389892578125,394.2117820536695,3.88775,
0.16210007667541504,391.8809101239316,3.887,
0.16230988502502441,382.9254548149387,3.88825,
0.16251897811889648,387.8325536143868,3.88775,
0.16272687911987305,386.728456384511,3.88875,
0.16293692588806152,367.1000611867183,3.8895,
0.16311001777648926,371.0257402262768,3.8905000000000003,
0.1633009910583496,348.4530857488152,3.88775,
0.1635117530822754,419.9740507507724,3.88525,
0.16371989250183105,429.297538469724,3.8855,
0.16392898559570312,442.05599534828923,3.88725,
0.164139986038208,439.6024459485651,3.88775,
0.16430401802062988,443.89615739808227,3.888,
0.16451382637023926,447.4538040276822,3.88325,
0.16472196578979492,480.944753333916,3.8857500000000003,
0.1649308204650879,442.54670522823403,3.8875,
0.16513895988464355,448.80325619753046,3.88275,
0.16530489921569824,472.72536284484033,3.88475,
0.16551494598388672,482.6622379137229,3.88525,
0.16572284698486328,469.90378103515764,3.88625,
0.16593217849731445,469.7811035651714,3.8835,
0.16613984107971191,475.54694465452303,3.88225,
0.1663057804107666,483.5209802036263,3.882,
0.16651511192321777,467.32755416544734,3.8845,
0.16672277450561523,443.89615739808227,3.8855,
0.16693592071533203,422.9183100304413,3.888,
0.1671459674835205,418.7472760509104,3.8850000000000002,
0.1673109531402588,418.0112112309931,3.888,
0.16751909255981445,420.71011557068965,3.8845,
0.16772794723510742,417.64317882103455,3.886,
0.16793608665466309,419.9740507507724,3.8875,
0.16814494132995605,414.82159701135186,3.88825,
0.16831016540527344,412.12269267165533,3.88625,
0.168532133102417,413.104112431545,3.89,
0.16869902610778809,408.6877235120416,3.8875,
0.16890883445739746,406.23417411231753,3.8897500000000003,
0.16974806785583496,396.297299043435,3.8895,
0.16997313499450684,395.1932018135591,3.89,
0.16997313499450684,398.01478362324184,3.8890000000000002,
0.16997313499450684,396.91068639336595,3.88775,
0.17019915580749512,397.6467512132832,3.888,
0.17019915580749512,398.6281709731728,3.8855,
0.17037200927734375,399.24155832310385,3.8875,
0.17054176330566406,403.1672373626624,3.88825,
0.17071008682250977,401.81778519281414,3.88925,
0.1709280014038086,399.24155832310385,3.89075,
0.1710968017578125,398.50549350318664,3.88725,
0.17130494117736816,395.1932018135591,3.8857500000000003,
0.17151379585266113,399.48691326307625,3.8850000000000002,
0.1717209815979004,402.06314013278654,3.88675,
0.17192697525024414,410.15985315187606,3.88775,
0.17213702201843262,413.71749978147596,3.8850000000000002,
0.17234492301940918,416.04837171121386,3.88675,
0.17250704765319824,412.36804761162773,3.886,
0.17271900177001953,414.82159701135186,3.8865000000000003,
0.1729259490966797,412.98143496155876,3.887,
0.17313694953918457,423.6543748503585,3.88825,
0.17334294319152832,422.0595677405379,3.8885,
0.1735060214996338,439.72512341855133,3.8845,
0.17371916770935059,429.297538469724,3.886,
0.17392587661743164,413.8401772514622,3.8850000000000002,
0.17413783073425293,411.7546602616967,3.88525,
0.17434406280517578,416.7844365311311,3.88525,
0.17450714111328125,416.6617590611449,3.88775,
0.17471909523010254,417.2751464110759,3.886,
0.1749258041381836,416.4164041211725,3.8897500000000003,
0.17513775825500488,417.7658562910207,3.8857500000000003,
0.17534399032592773,418.37924364095176,3.88525,
0.1755070686340332,416.4164041211725,3.8857500000000003,
0.1757190227508545,416.29372665118626,3.88825,
0.17592501640319824,416.7844365311311,3.886,
0.17613792419433594,412.0000152016691,3.8855,
0.1763448715209961,409.91449821190366,3.887,
0.17650699615478516,409.66914327193126,3.887,
0.17671775817871094,411.14127291176567,3.883,
0.1769249439239502,408.933078452014,3.8845,
0.17713689804077148,407.82898122213817,3.8857500000000003,
0.17734313011169434,402.1858176027728,3.886,
0.1775057315826416,399.1188808531177,3.8857500000000003,
0.1777181625366211,400.4683330229659,3.88825,
0.17792487144470215,397.6467512132832,3.8885,
0.17813682556152344,398.3828160332004,3.88475,
0.1783440113067627,396.7880089233798,3.88775,
0.17855119705200195,392.126265063904,3.88725,
0.17871904373168945,390.1634255441247,3.8865000000000003,
0.1789259910583496,381.8213575850628,3.8865000000000003,
0.1791369915008545,390.6541354240695,3.88625,
0.17934298515319824,387.95523108437305,3.89125,
0.1795499324798584,364.8918667269666,3.8905000000000003,
0.1797189712524414,371.2710951662492,3.8885,
0.17994403839111328,348.5757632188014,3.88725,
0.18012189865112305,373.6019670959871,3.8855,
0.18035888671875,393.9664271136971,3.88625,
0.18053293228149414,404.88472194246924,3.8857500000000003,
0.1807420253753662,404.27133459253827,3.88275,
0.18094801902770996,407.9516586921244,3.8865000000000003,
0.18115496635437012,404.88472194246924,3.8850000000000002,
0.18130111694335938,407.9516586921244,3.88875,
0.18151187896728516,404.39401206252444,3.88475,
0.181718111038208,410.5278855618347,3.88825,
0.1823408603668213,410.65056303182087,3.8885,
0.18271398544311523,414.6989195413656,3.88625,
0.18271398544311523,412.98143496155876,3.8857500000000003,
0.18271398544311523,413.104112431545,3.88525,
0.18288707733154297,413.71749978147596,3.8845,
0.18310189247131348,414.2082096614208,3.88925,
0.18331408500671387,414.2082096614208,3.8875,
0.18352603912353516,413.22678990153116,3.887,
0.18374395370483398,445.49096450790296,3.886,
0.18374395370483398,441.6879629383306,3.8895,
0.18395400047302246,421.20082545063445,3.8850000000000002,
0.18412184715270996,418.7472760509104,3.886,
0.18433117866516113,417.7658562910207,3.8845,
0.1845400333404541,417.1524689410897,3.8845,
0.18474888801574707,413.5948223114898,3.887,
0.18495798110961914,411.6319827917105,3.88525,
0.18512392044067383,411.3866278517381,3.886,
0.1853320598602295,410.89591797179327,3.886,
0.18554186820983887,406.84756146224856,3.8857500000000003,
0.18575119972229004,398.3828160332004,3.88625,
0.1859588623046875,394.33445952365565,3.8850000000000002,
0.1861248016357422,396.66533145339355,3.883,
0.18633389472961426,396.91068639336595,3.88525,
0.18654179573059082,417.3978238810621,3.88625,
0.1867070198059082,398.26013856321424,3.88425,
0.18695783615112305,397.8921061532556,3.88775,
0.18712401390075684,400.2229780829935,3.888,
0.1873328685760498,397.1560413333384,3.88925,
0.18754100799560547,396.5426539834074,3.88875,
0.18774986267089844,396.297299043435,3.887,
0.1879580020904541,393.2303622937798,3.88775,
0.18816685676574707,412.0000152016691,3.88775,
0.18833208084106445,420.95547051066205,3.8890000000000002,
0.18854093551635742,469.41307115521283,3.88775,
0.18874883651733398,427.5800538899171,3.88525,
0.18891406059265137,420.21940569074485,3.884,
0.18912291526794434,456.6546142766476,3.88275,
0.1893320083618164,465.7327470556267,3.883,
0.18954086303710938,481.55814068384706,3.8815,
0.18970608711242676,468.7996838052818,3.88475,
0.189971923828125,425.61721437013784,3.88525,
0.1901540756225586,411.5093053217243,3.887,
0.19030094146728516,411.3866278517381,3.8815,
0.19051504135131836,415.31230689129666,3.886,
0.19072389602661133,412.49072508161396,3.88725,
0.190932035446167,416.1710491812001,3.88475,
0.19114089012145996,414.82159701135186,3.8850000000000002,
0.19134998321533203,414.4535646013932,3.8890000000000002,
0.1915590763092041,417.1524689410897,3.88775,
0.19176697731018066,417.64317882103455,3.8857500000000003,
0.19193196296691895,418.62459858092416,3.888,
0.19214081764221191,413.8401772514622,3.88375,
0.19234800338745117,413.47214484150356,3.884,
0.19255614280700684,412.12269267165533,3.887,
0.19272208213806152,411.0185954417795,3.8857500000000003,
0.19297289848327637,408.6877235120416,3.888,
0.19316792488098145,407.706303752152,3.8855,
0.1933751106262207,406.97023893223474,3.8855,
0.19356393814086914,432.6098301593515,3.8890000000000002,
0.19373703002929688,423.04098750042755,3.88675,
0.19394898414611816,417.88853376100695,3.8855,
0.19415998458862305,404.39401206252444,3.8865000000000003,
0.19432783126831055,397.0333638633522,3.88825,
0.19453811645507812,396.7880089233798,3.88825,
0.1954660415649414,399.48691326307625,3.88625,
0.19573688507080078,395.5612342235177,3.886,
0.19573688507080078,389.9180706041523,3.8875,
0.19573688507080078,389.0593283142489,3.888,
0.19597291946411133,381.944035055049,3.8875,
0.19597291946411133,391.51287771397296,3.8890000000000002,
0.19618892669677734,385.501681684649,3.8865000000000003,
0.19643402099609375,368.69486829653897,3.8897500000000003,
0.19643402099609375,367.3454161266907,3.89025,
0.19662094116210938,354.95499165808405,3.887,
0.1968400478363037,380.22655047524216,3.8865000000000003,
0.19701194763183594,399.6095907330625,3.89,
0.19718098640441895,399.1188808531177,3.88925,
0.19734883308410645,400.7136879629383,3.8857500000000003,
0.19755911827087402,404.27133459253827,3.8857500000000003,
0.1977250576019287,400.7136879629383,3.88625,
0.19793200492858887,404.88472194246924,3.89,
0.19813990592956543,400.1003006130073,3.8855,
0.19834613800048828,405.8661417023589,3.8857500000000003,
0.19855284690856934,406.23417411231753,3.8857500000000003,
0.19876313209533691,409.79182074191743,3.886,
0.19897103309631348,410.65056303182087,3.88925,
0.19913601875305176,412.85875749157253,3.887,
0.19934606552124023,412.24537014164156,3.886,
0.1995530128479004,413.71749978147596,3.884,
0.1997997760772705,411.2639503817519,3.88525,
0.19999909400939941,411.7546602616967,3.887,
0.20019197463989258,410.5278855618347,3.887,
0.2003648281097412,416.6617590611449,3.88475,
0.2005300521850586,418.7472760509104,3.88525,
0.20074200630187988,420.46476063071725,3.88675,
0.20094799995422363,418.13388870097936,3.88775,
0.2011549472808838,415.31230689129666,3.88725,
0.20136618614196777,415.1896294213104,3.8865000000000003,
0.20157194137573242,411.0185954417795,3.88675,
0.2017350196838379,413.71749978147596,3.887,
0.20192480087280273,410.40520809184846,3.88525,
0.20213794708251953,406.72488399226233,3.8857500000000003,
0.20234394073486328,398.137461093228,3.8875,
0.20256400108337402,391.6355551839592,3.886,
0.20274806022644043,393.2303622937798,3.88625,
0.2029719352722168,394.33445952365565,3.88775,
0.20315098762512207,393.4757172337523,3.88475,
0.20331192016601562,398.01478362324184,3.8855,
0.20353198051452637,414.2082096614208,3.88525,
0.2037508487701416,399.24155832310385,3.8875,
0.2039809226989746,396.41997651342115,3.88475,
0.20415115356445312,393.2303622937798,3.884,
0.20436787605285645,395.68391169350394,3.88625,
0.2045760154724121,395.92926663347635,3.88625,
0.20473980903625488,400.2229780829935,3.88675,
0.20494794845581055,393.84374964371085,3.8857500000000003,
0.2051539421081543,401.08172037289694,3.88275,
0.20536494255065918,407.9516586921244,3.88225,
0.20557188987731934,422.79563256045515,3.88275,
0.2057349681854248,418.13388870097936,3.88425,
0.20592594146728516,413.47214484150356,3.88725,
0.20613789558410645,413.8401772514622,3.8875,
0.2063438892364502,428.19344123984814,3.887,
0.20655107498168945,415.06695195132426,3.8855,
0.20676207542419434,411.8773377316829,3.88525,
0.2069687843322754,411.3866278517381,3.88625,
0.20717501640319824,415.06695195132426,3.8855,
0.20734500885009766,410.28253062186224,3.88775,
0.20793509483337402,414.2082096614208,3.88675,
0.20815491676330566,412.36804761162773,3.88675,
0.20815491676330566,413.104112431545,3.887,
0.2084188461303711,414.6989195413656,3.888,
0.2084188461303711,417.64317882103455,3.88625,
0.2086019515991211,436.2901542589376,3.8845,
0.208770751953125,434.94070208908937,3.8845,
0.20898199081420898,449.04861113750286,3.8805,
0.20914888381958008,448.6805787275443,3.8810000000000002,
0.20930218696594238,450.2753858373649,3.88075,
0.20951509475708008,451.2568055972546,3.88425,
0.20972394943237305,449.9073534274063,3.882,
0.2099769115447998,444.5095447480133,3.88275,
0.21014404296875,425.4945369001516,3.887,
0.21035289764404297,405.1300768824417,3.8865000000000003,
0.21056199073791504,397.2787188033246,3.88625,
0.21072697639465332,392.61697494384885,3.88475,
0.21097993850708008,394.2117820536695,3.88725,
0.21114611625671387,397.7694286832694,3.8897500000000003,
0.21135401725769043,396.5426539834074,3.88825,
0.2115631103515625,393.35303976376605,3.88875,
0.21172785758972168,387.5871986744144,3.8885,
0.21198010444641113,385.86971409460756,3.88875,
0.21214604377746582,381.2079702351318,3.88875,
0.2123548984527588,385.0109718047041,3.888,
0.21256303787231445,379.36780818533873,3.886,
0.21272897720336914,368.2041584165941,3.89025,
0.21298003196716309,360.10744539750465,3.891,
0.21314597129821777,348.2077308088428,3.887,
0.21335291862487793,377.5276461355457,3.8855,
0.21356201171875,407.58362628216577,3.88525,
0.21377015113830566,396.297299043435,3.886,
0.21397900581359863,413.5948223114898,3.8857500000000003,
0.21414399147033691,432.48715268936525,3.88375,
0.21435189247131348,423.77705232034475,3.8850000000000002,
0.21456098556518555,429.910925819655,3.8850000000000002,
0.21477007865905762,402.30849507275894,3.8845,
0.21497893333435059,401.2043978428831,3.88325,
0.21514391899108887,401.69510772282797,3.887,
0.21535181999206543,405.00739941245547,3.884,
0.2155609130859375,409.66914327193126,3.8855,
0.21572589874267578,409.1784333919864,3.88675,
0.21597695350646973,410.03717568188983,3.88475,
0.21614289283752441,408.6877235120416,3.88675,
0.21635103225708008,407.9516586921244,3.8850000000000002,
0.21655893325805664,408.6877235120416,3.88625,
0.2167670726776123,406.1114966423313,3.8855,
0.21697378158569336,413.9628547214484,3.88675,
0.21718311309814453,413.8401772514622,3.8885,
0.2173478603363037,415.31230689129666,3.8885,
0.21755599975585938,413.3494673715174,3.8850000000000002,
0.21776390075683594,411.5093053217243,3.886,
0.2179720401763916,408.81040098202783,3.88625,
0.21813678741455078,409.05575592200023,3.88675,
0.21834492683410645,409.4237883319588,3.8895,
0.21855401992797852,407.706303752152,3.88675,
0.2187647819519043,400.2229780829935,3.88725,
0.21897292137145996,395.43855675353154,3.886,
0.21918082237243652,388.20058602434545,3.88325,
0.2193460464477539,389.4273607242075,3.886,
0.21955394744873047,389.0593283142489,3.8865000000000003,
0.21976399421691895,391.02216783402815,3.88475,
0.2199718952178955,392.9850073538074,3.8857500000000003,
0.2201399803161621,392.739652413835,3.88725,
0.2210068702697754,393.7210721737247,3.8845,
0.22122597694396973,393.10768482379365,3.8905000000000003,
0.22122597694396973,389.5500381941937,3.88725,
0.22122597694396973,394.8251694036005,3.8897500000000003,
0.2214069366455078,392.86232988382125,3.886,
0.2214069366455078,394.2117820536695,3.88725,
0.22158074378967285,390.04074807413855,3.88675,
0.22183775901794434,397.1560413333384,3.8857500000000003,
0.22200703620910645,404.63936700249684,3.88475,
0.22217893600463867,409.1784333919864,3.8857500000000003,
0.22239017486572266,409.30111086197263,3.88375,
0.22255396842956543,409.05575592200023,3.8865000000000003,
0.2227649688720703,408.4423685720692,3.886,
0.22297191619873047,406.6022065222761,3.8850000000000002,
0.22317814826965332,406.97023893223474,3.8845,
0.2233438491821289,408.1970136320968,3.88325,
0.22355103492736816,427.5800538899171,3.8845,
0.22376298904418945,427.9480862998757,3.88525,
0.2239680290222168,405.98881917234513,3.8857500000000003,
0.22417497634887695,407.58362628216577,3.88475,
0.22434377670288086,409.30111086197263,3.882,
0.22455096244812012,409.54646580194503,3.887,
0.2247629165649414,412.61340255160013,3.8865000000000003,
0.22496795654296875,414.82159701135186,3.88625,
0.2251758575439453,412.0000152016691,3.8855,
0.22534394264221191,409.91449821190366,3.88675,
0.22554993629455566,407.82898122213817,3.888,
0.22576189041137695,409.05575592200023,3.8865000000000003,
0.22597002983093262,409.66914327193126,3.88525,
0.22617506980895996,407.706303752152,3.88625,
0.22634387016296387,404.76204447248307,3.88525,
0.22655010223388672,415.80301677124146,3.887,
0.226762056350708,405.4981092924003,3.8875,
0.22696900367736816,400.1003006130073,3.88825,
0.22717499732971191,401.08172037289694,3.888,
0.22734403610229492,392.0035875939178,3.88625,
0.22755098342895508,396.297299043435,3.887,
0.22776198387145996,395.8065891634901,3.88825,
0.2279679775238037,397.524073743297,3.88425,
0.22817587852478027,418.501921110938,3.8855,
0.22834300994873047,416.7844365311311,3.8845,
0.22855091094970703,410.7732405018071,3.88825,
0.22876191139221191,393.2303622937798,3.8865000000000003,
0.22896790504455566,379.85851806528353,3.8865000000000003,
0.22917580604553223,379.85851806528353,3.88425,
0.22934508323669434,370.65770781631824,3.8875,
0.22954988479614258,355.3230240680427,3.88725,
0.22976279258728027,355.20034659805646,3.8895,
0.22996997833251953,362.0702849172839,3.8865000000000003,
0.23019814491271973,380.3492279452284,3.8857500000000003,
0.23038077354431152,391.3902002439868,3.8857500000000003,
0.23057293891906738,398.6281709731728,3.88825,
